id,first_name,last_name,email,gender
1,Araldo,Peeter,apeeter0@google.com.au,Male
2,Isidore,Waite,iwaite1@ameblo.jp,Male
3,Tarrah,Paridge,tparidge2@elegantthemes.com,Female
4,Nehemiah,Felipe,nfelipe3@techcrunch.com,Male
5,Fernanda,Fallen,ffallen4@issuu.com,Female
6,Corry,Beri,cberi5@multiply.com,Female
7,Crista,Currell,ccurrell6@sohu.com,Female
8,Stephine,Worham,sworham7@wisc.edu,Female
9,Mendie,Eldrett,meldrett8@odnoklassniki.ru,Bigender
10,Janeva,Angrove,jangrove9@opensource.org,Female
11,Fionna,Scougal,fscougala@house.gov,Female
12,Woody,Hardinge,whardingeb@skype.com,Male
13,Denis,Fullilove,dfullilovec@kickstarter.com,Male
14,Melinda,Bizzey,mbizzeyd@europa.eu,Genderqueer
15,Rhianna,Elsie,relsiee@umich.edu,Female
16,Meridel,Jobes,mjobesf@thetimes.co.uk,Female
17,Ulrika,Austins,uaustinsg@imdb.com,Female
18,Skye,Wolfinger,swolfingerh@tmall.com,Male
19,Leola,Kaysor,lkaysori@irs.gov,Agender
20,Jaime,Rye,jryej@dot.gov,Female
21,Annetta,Moorerud,amoorerudk@eepurl.com,Female
22,Ariella,Gary,agaryl@seattletimes.com,Female
23,Betsey,Grimsdyke,bgrimsdykem@imgur.com,Genderqueer
24,Raffaello,Power,rpowern@chicagotribune.com,Male
25,Bethena,Brister,bbristero@xrea.com,Agender
26,Riordan,Cuncliffe,rcuncliffep@nyu.edu,Male
27,Rossy,Bellany,rbellanyq@pinterest.com,Male
28,Sula,Huzzay,shuzzayr@sun.com,Female
29,Siegfried,Nisbet,snisbets@un.org,Genderqueer
30,Randy,Mearing,rmearingt@ibm.com,Male
31,Aeriela,Gue,agueu@google.fr,Female
32,Emile,Flatte,eflattev@wisc.edu,Male
33,Engelbert,Oxborrow,eoxborroww@1und1.de,Male
34,Merilyn,Dillingston,mdillingstonx@about.me,Female
35,Clement,Dixie,cdixiey@shareasale.com,Male
36,Bartholomeus,Kleinhandler,bkleinhandlerz@ucsd.edu,Male
37,Jorie,Holston,jholston10@youtu.be,Female
38,Iorgos,Khrishtafovich,ikhrishtafovich11@amazon.co.jp,Male
39,Loraine,Tomasoni,ltomasoni12@timesonline.co.uk,Female
40,Donnajean,Sermin,dsermin13@pen.io,Female
41,Minette,Lind,mlind14@nytimes.com,Female
42,Jeannie,Wagg,jwagg15@amazon.com,Female
43,Caterina,Munson,cmunson16@icio.us,Female
44,Maryellen,Birbeck,mbirbeck17@narod.ru,Bigender
45,Neile,Friedenbach,nfriedenbach18@yolasite.com,Female
46,Rees,Desantis,rdesantis19@amazon.co.uk,Male
47,Koralle,Keher,kkeher1a@economist.com,Female
48,Shepard,Sandcraft,ssandcraft1b@dmoz.org,Male
49,Berri,Woffenden,bwoffenden1c@jimdo.com,Female
50,Celestina,Gillings,cgillings1d@ted.com,Female
